{
  "Filter_3": {
    "dim0": 1,
    "dim1": 1,
    "dim2": 2,
    "dim3": 20,
    "vol": [
      0.5962544827716897,
      0.7629692153931901,
      -1.1779903104326015,
      0.501952479791142,
      0.9419426476255666,
      -0.09362650993224318,
      -1.356676614176317,
      -0.1705989032358352,
      0.5848119219999611,
      -1.8442595295918296,
      1.3040633819079623,
      0.6969861115311191,
      0.300127642317478,
      0.6475678930235613,
      0.10269952485287748,
      -1.202888362051364,
      0.29462491937253243,
      1.0815643323252728,
      0.20135840397329482,
      -0.3353444493338495,
      0.13627289381993113,
      -0.7470425158641629,
      -0.41045004041028116,
      1.313612933662288,
      0.02135660221990204,
      -1.482811901802918,
      0.20831134293613318,
      -0.29787026950673545,
      -1.1827112794288508,
      -0.43426206758970626,
      -1.2509640422063164,
      -0.08115465193132378,
      0.5527266297932524,
      -0.948743600221268,
      -0.26784138179537603,
      0.029085731667031493,
      -0.582474821343971,
      0.3782484188719934,
      -0.19742026686777772,
      -1.0416478786829986
    ]
  },
  "bias1": {
    "dim0": 1,
    "dim1": 1,
    "dim2": 20,
    "dim3": 1,
    "vol": [
      0.1,
      0.1,
      0.2663166851354413,
      0.1,
      0.6084350913492882,
      0.11309624630174316,
      0.1,
      0.21971852883330342,
      0.1,
      0.6968474963407639,
      -0.0720078759908636,
      0.1,
      0.27700726288655086,
      -0.21159357574965418,
      0.1,
      0.1,
      0.35331389430966603,
      0.09219054600996521,
      0.1,
      0.4658770401317159
    ]
  },
  "Filter_8": {
    "dim0": 1,
    "dim1": 1,
    "dim2": 20,
    "dim3": 10,
    "vol": [
      0.04801958439826955,
      -0.166731556963165,
      0.420490515765032,
      -0.17397400506021507,
      1.0741830373550214,
      0.031164164740895027,
      0.15199049156184125,
      0.3723917273285171,
      0.27978352792147737,
      1.1098487277278575,
      -0.11179959915993022,
      0.22508954897162178,
      0.45168491049697246,
      -0.46245708443748046,
      -0.6019439935002802,
      -0.5928852853904968,
      0.6971435718455807,
      -0.13696603837627622,
      -0.4221326292510863,
      0.6652762979211567,
      -0.25937964336513875,
      -0.14299610916809827,
      -0.13372741861827997,
      0.4120681658473571,
      -0.6463570278452186,
      -0.14529808910789205,
      -0.2642016073473248,
      0.0796067176490013,
      -0.05642341325296128,
      -0.24974373544028466,
      -0.024337975397849213,
      -0.41859630804023307,
      0.10398391701000842,
      -0.6483753223873695,
      -0.19728239918329452,
      0.30768266626962276,
      0.4524860353718867,
      0.7353638017984259,
      -0.7343171104375888,
      0.3587291642045507,
      -0.03674509996833649,
      -0.8431949927018719,
      0.04262393634009712,
      -0.16851185844766153,
      -0.6088434987365156,
      0.40563511857298334,
      0.5421601295716144,
      0.4188905147167078,
      -0.4723340488492272,
      0.0263017356439097,
      0.15023590513314009,
      -0.11691571997141216,
      -0.48831266666647755,
      0.06163476262621765,
      0.18757529196104067,
      -0.20764831905840134,
      -0.7362851330354256,
      0.4504855893872597,
      -0.45799771331787414,
      -0.24177430204622608,
      0.4545225921494522,
      0.09252994634689313,
      -0.07034082901032848,
      -0.30072348921782094,
      0.15043193197982746,
      0.3590624711069294,
      -0.4283554768625755,
      -0.21524837718307424,
      0.28191015301916406,
      0.2961386421608181,
      0.4024269149400803,
      -0.3765648797259983,
      -0.34952943082786603,
      0.5582282123675393,
      0.3981212121159694,
      0.08039338899902203,
      -0.12963873812633941,
      0.37372756543026386,
      -0.2737510921355486,
      -0.29557287959840556,
      -0.15154930292782462,
      0.13118856296886436,
      -0.17462911781885723,
      0.10812521241709784,
      -0.0768545545210593,
      -0.0115538721116653,
      0.15505086144360164,
      -0.6751986811875762,
      -0.21452383075091097,
      -0.1705789080317658,
      -0.19712873426545663,
      0.2549413202560387,
      -0.3252992608093704,
      0.0008308297478901157,
      -0.05228455608064127,
      -0.40947772950409056,
      0.05345276269657114,
      -0.0856657280935103,
      -0.1399959693432079,
      -0.002305944937100207,
      -0.25097173244652443,
      -0.011601397014271151,
      0.2596201495370824,
      -0.07462516267819254,
      0.26725000725414616,
      -0.2430814745109575,
      -0.1316677642443104,
      0.14597339226189146,
      -0.20755510665506,
      -0.08160589773088055,
      -0.4672929475185644,
      0.012263249896485976,
      -0.32802589864614373,
      0.4944687584841118,
      0.07412361382518541,
      -0.02034302081755448,
      -0.35564484960298165,
      0.3519332248072591,
      0.45258232764885775,
      -0.6280839623634155,
      -0.25681636952489206,
      0.0696688964526083,
      0.19677478075815594,
      -0.5455072130246039,
      -0.3281464302694695,
      -0.11424464830169613,
      -0.4901097870842167,
      0.04978977788399948,
      0.4201223162161152,
      0.2285847246646547,
      0.24395184005825077,
      0.09088882993893713,
      0.03412751406972489,
      -0.4408127102064559,
      -0.01715389361106752,
      -0.009907441007164685,
      0.0887178562170569,
      0.09937191038626189,
      -0.429791963501783,
      -0.6531281732714196,
      0.025382786578019078,
      -0.2758705705282049,
      -0.41482163627873103,
      0.02060988125725694,
      -0.4658376751738254,
      -0.3013292423445407,
      0.29968010767559744,
      -0.042707828059129156,
      -0.14687032364189623,
      -0.2876146617218283,
      0.2372918097265377,
      0.2546750591643297,
      -0.13193898188121944,
      -0.3668004119565734,
      -0.15918373149267193,
      0.23044005396972855,
      -0.11913998319862151,
      -0.7770486138070397,
      0.0854566080949678,
      0.05738039670325789,
      -0.38249166208630775,
      -0.36754014678736713,
      -0.18479186345812007,
      -0.1572247498143192,
      -0.444812730496373,
      -0.024210804693786763,
      -0.45578068057481685,
      -0.2914324563971477,
      0.4591352157118337,
      -0.22541887921386572,
      -0.5890061319990846,
      -0.21956814578623637,
      -0.09036507027932472,
      -0.3169713329012511,
      -0.005644144430141292,
      -0.3552804528276222,
      -0.12112359297299477,
      0.18536605922540425,
      0.0074094338706571766,
      0.804474661083846,
      -0.12063437797221127,
      -0.43166701034674915,
      0.12768410693526433,
      0.43999372105692974,
      -0.29498205760298224,
      -0.4112544062848939,
      0.0027598009901020496,
      -0.27790901311630667,
      0.15484851597828012,
      -0.017667647233748755,
      -0.2779879923243368,
      0.18300497744543326,
      -0.012852685968402978,
      0.20566263916071276,
      -0.11070487039351118,
      -0.09485919977569193,
      0.34535434805487025,
      0.6485325273325939,
      0.054358237220854054,
      -0.319747708280631
    ]
  },
  "bias2": {
    "dim0": 1,
    "dim1": 1,
    "dim2": 10,
    "dim3": 1,
    "vol": [
      0.685837279584329,
      -0.10258985825236114,
      -0.03146580231184781,
      -0.14554498031774965,
      -0.0478682635073632,
      -0.08295944145348569,
      -0.09357744987612707,
      -0.04484775404747673,
      -0.05691113883715078,
      -0.08007259098076704
    ]
  }
}